<?xml version="1.0" encoding="UTF-8"?>
<!DOCTYPE mapper PUBLIC "-//mybatis.org//DTD Mapper 3.0//EN" "http://mybatis.org/dtd/mybatis-3-mapper.dtd">
<mapper namespace="com.Moviemoving.mapper.SearchMapper">

	<select id="getList" resultType="com.Moviemoving.domain.MovieVO">
		<![CDATA[
			select * from MovieInfo where MovieInfo_no > 0
		]]>
	</select>

	<!-- 리스트목록(페이징) -->
	<select id="getListWithPaging"
		resultType="com.Moviemoving.domain.MovieVO">
		<![CDATA[
			select
				MovieInfo_no, MovieInfo_title, MovieInfo_thum
			from
						(
						select /* +INDEX_DESC(MovieInfo SYS_c008183) */
						rownum as rn, MovieInfo_no, MovieInfo_title, MovieInfo_thum
						from
							movieInfo
						where	rownum <= #{pageNum} * #{amount}
		]]>

		<if test="keyword != null">
			and movieInfo_title like '%'||#{keyword}|| '%'
		</if>
		<![CDATA[
						)
				where rn > (#{pageNum} -1) * #{amount}
				
			]]>

	</select>
	<!-- /리스트 목록(페이징) -->

	<!-- 리스트 총 갯수 -->
	<select id="getTotal" resultType="int">
		select count(*) from movieInfo
		<if test="keyword != null">
			where movieInfo_title like '%'||#{keyword}||'%'
		</if>
		<!-- /리스트 총 갯수 -->
	</select>
</mapper>